{"cameraMode":{"drawMode":0,"name":"Shaded","section":"Shading Mode"},"sceneLighting":true,"audioPlay":false,"sceneViewState":{"m_AlwaysRefresh":false,"showFog":true,"showSkybox":true,"showFlares":true,"showImageEffects":true,"showParticleSystems":true,"showVisualEffectGraphs":true,"m_FxEnabled":true},"in2DMode":false,"pivot":{"x":509.20367431640627,"y":207.66468811035157,"z":-71.34894561767578},"rotation":{"x":0.264114648103714,"y":-0.20774592459201814,"z":0.058368176221847537,"w":0.9400439262390137},"size":501.8465270996094,"orthographic":false}